{"cameraMode":{"drawMode":0,"name":"Shaded","section":"Shading Mode"},"sceneLighting":true,"audioPlay":false,"sceneViewState":{"showFog":true,"showMaterialUpdate":false,"showSkybox":true,"showFlares":true,"showImageEffects":true,"showParticleSystems":true},"in2DMode":false,"pivot":{"x":-0.22613824903964997,"y":1.7582340240478516,"z":-3.058091402053833},"rotation":{"x":-0.1688883751630783,"y":0.26174357533454897,"z":-0.04657379537820816,"w":-0.9491037726402283},"size":26.946441650390626,"orthographic":true}