{"cameraMode":{"drawMode":0,"name":"Shaded","section":"Shading Mode"},"sceneLighting":false,"audioPlay":false,"sceneViewState":{"showFog":true,"showMaterialUpdate":false,"showSkybox":true,"showFlares":true,"showImageEffects":true,"showParticleSystems":true},"in2DMode":false,"pivot":{"x":0.75,"y":0.12349332869052887,"z":-3.2200000286102297},"rotation":{"x":-0.1688883751630783,"y":0.26174357533454897,"z":-0.04657379537820816,"w":-0.9491037726402283},"size":4.84663200378418,"orthographic":true}