{"cameraMode":{"drawMode":0,"name":"Shaded","section":"Shading Mode"},"sceneLighting":false,"audioPlay":false,"sceneViewState":{"showFog":false,"showMaterialUpdate":false,"showSkybox":true,"showFlares":true,"showImageEffects":true,"showParticleSystems":true},"in2DMode":false,"pivot":{"x":0.4517800211906433,"y":0.12349332869052887,"z":-2.127354621887207},"rotation":{"x":-0.1792902946472168,"y":-0.37822091579437258,"z":0.09359989315271378,"w":-0.9033509492874146},"size":1.3578839302062989,"orthographic":false}