{"cameraMode":{"drawMode":0,"name":"Shaded","section":"Shading Mode"},"sceneLighting":true,"audioPlay":false,"sceneViewState":{"showFog":false,"showMaterialUpdate":false,"showSkybox":true,"showFlares":true,"showImageEffects":true,"showParticleSystems":true},"in2DMode":false,"pivot":{"x":137.1999969482422,"y":8.700000762939454,"z":-29.0},"rotation":{"x":-0.07661676406860352,"y":-0.6484965682029724,"z":0.08831755816936493,"w":-0.7521849274635315},"size":63.985286712646487,"orthographic":false}