{"cameraMode":{"drawMode":0,"name":"Shaded","section":"Shading Mode"},"sceneLighting":false,"audioPlay":false,"sceneViewState":{"showFog":false,"showMaterialUpdate":false,"showSkybox":true,"showFlares":true,"showImageEffects":true,"showParticleSystems":true},"in2DMode":false,"pivot":{"x":0.4517800509929657,"y":0.12349331378936768,"z":-2.127354860305786},"rotation":{"x":-0.07661676406860352,"y":-0.6484965682029724,"z":0.08831755816936493,"w":-0.7521849274635315},"size":4.1748480796813969,"orthographic":false}