{"cameraMode":{"drawMode":0,"name":"Shaded","section":"Shading Mode"},"sceneLighting":true,"audioPlay":false,"sceneViewState":{"showFog":false,"showMaterialUpdate":false,"showSkybox":true,"showFlares":true,"showImageEffects":true,"showParticleSystems":true},"in2DMode":false,"pivot":{"x":276.6094055175781,"y":130.11322021484376,"z":-9.83244800567627},"rotation":{"x":-0.02645072713494301,"y":0.02796093374490738,"z":0.01601989008486271,"w":-0.9991306066513062},"size":432.2013244628906,"orthographic":false}