{"cameraMode":{"drawMode":0,"name":"Shaded","section":"Shading Mode"},"sceneLighting":false,"audioPlay":false,"sceneViewState":{"showFog":false,"showMaterialUpdate":false,"showSkybox":true,"showFlares":true,"showImageEffects":true,"showParticleSystems":true},"in2DMode":false,"pivot":{"x":0.75,"y":0.12349332869052887,"z":-3.2200000286102297},"rotation":{"x":-0.07261671125888825,"y":-0.827576756477356,"z":0.1101393848657608,"w":-0.5456308126449585},"size":2.8578836917877199,"orthographic":false}