{"cameraMode":{"drawMode":0,"name":"Shaded","section":"Shading Mode"},"sceneLighting":true,"audioPlay":false,"sceneViewState":{"showFog":false,"showMaterialUpdate":false,"showSkybox":true,"showFlares":true,"showImageEffects":true,"showParticleSystems":true},"in2DMode":false,"pivot":{"x":254.38180541992188,"y":150.05709838867188,"z":-31.532323837280275},"rotation":{"x":-0.03480137884616852,"y":-0.008398033678531647,"z":0.0002923237916547805,"w":-0.9993589520454407},"size":504.3316650390625,"orthographic":false}